{"NDPK5": -3.7841781489824227, "SHK3Dr": -9.909968325509997, "NDPK6": -6.07114982173052, "NDPK8": -2.486139213500631, "DHORTS": 0.1000000000000636, "OMPDC": -44.66529932124123, "G5SD": -17.44449488445408, "CS": -49.791764043086346, "ICDHyr": -0.09999999997207643, "ACALD": 0.09999999999997478, "PPA": -27.817351397314894, "PPCK": -15.075550968616506, "ME1": -22.541503487505295, "ALATA_L": 14.398834737451585, "GLYK": -25.66801164718011, "ASPTA": 8.244353361885878, "FBP": -30.52875218816491, "PYK": -14.711963867036824, "GTHOr": -38.322956343721145, "ILETA": 3.642556486289732, "DHORD5": -11.080805018118689, "VALTA": 11.390416484389242, "IPPMIb": 0.10000000000356368, "ORPT": 1.2301998577405695, "ACHBS": -21.150095005344557, "DHAD2": -37.48989413604511, "ACLS": -34.29810469428967, "TRPS2": -29.570508612328172, "PSCVT": -12.600460536518181, "PFL": -13.947379823226534, "ANS": -120.21779816112536, "FRD2": -33.09420852714138, "ANPRT": -61.720639253800655, "CHORM": -49.664250833529046, "PTAr": -6.2003260664970234, "CHORS": -65.25948075499429, "IGPS": -94.78497291083578, "ACKr": 9.787066926634836, "LEUTAi": -10.009516487722514, "ENO": -2.8208477978497424, "FBA": 3.4646405730135754, "HCO3E": -10.068007969420435, "IMPC": 10.06305706648304, "IMPD": -0.1000000000125274, "PPS": -35.66580616104844, "PGI": 0.09999999999683457, "PGK": 2.8416787123539695, "PGL": -27.629623531727177, "RPE": -3.0559657668383258, "DHQTi": -5.29031039810329, "IPMD": -0.10000000000305187, "AIRC3": 0.10000000001102549, "TALA": -12.339628458245924, "ADSL2r": -0.1000000000078316, "TKT1": -0.09999999999872511, "RNDR1": -46.552611936820476, "ALCD2x": 1.1849594269792716, "RNDR3": -40.02040717324562, "RNDR4": -44.497343239974946, "TMDS": -51.56578046334079, "DHAD1": -37.49369374366413, "IPPMIa": 0.09999999999317977, "MDH": 7.246011801247038, "FUM": -0.4969430469648463, "KARA1": 18.75952492908586, "KARA2": -18.759480414908523, "ACCOAC": -14.339203820330134, "KAS14": -9.952545909670894, "ARGSS": -0.1000000000012714, "AGPR": 16.226981579898073, "ICL": -0.10000000002777187, "GLYCL": -2.3235347232979215, "PPC": -38.60711875538797, "G3PT": -28.014658068852707, "SADT2": -11.628520860476737, "GHMT2r": -0.10000000000174403, "DHORD2": -122.58810390905423, "SDPDS": -8.51805344450623, "UMPK": -3.855108606908912, "CTPS2": -41.29228283997997, "NDPK7": -1.3621481351602411, "TRPS3": -2.5265854439850433, "ADK1": -3.3048988241745927, "NDPK2": -5.071986693637589, "NDPK4": -3.7980914175099016, "ACODA": -27.771604874545986, "ADSS": -12.16458928127772, "ASNS2": -41.156267443515205, "ASPCT": -17.986377912367118, "MCOATA": -0.10000000004653664, "DAPE": -1.6525561712435954, "DHDPRy": -18.02213789999207, "HSK": -40.98335627930434, "SDPTA": 3.4005384680420994, "THRS": -45.47387471992954, "HSST": -37.7355745319646, "PPNDH": -79.61066341246146, "DTMPK": -6.81711311950337, "NDPK1": -2.6588223958998176, "TRDR": -9.811328243974135, "DDPA": -64.14391287345423, "MALS": -46.5318178007777, "NADTRHD": -17.504980736950117, "G3PD2": 32.46117333820023, "GMPS2": -0.10000000000013642, "P5CR": -20.037630902042398, "G5SADs": -38.31715901695795, "AKGDH": -30.995036169801175, "ATPPRT": -46.24699736879041, "HISTD": -45.42663838956911, "DHDPS": -97.61588436750628, "IGPDH": -42.80488931510691, "PRPPS": -10.16052466798514, "PRATPP": -77.55528218857665, "GLUN": -29.378444924648484, "PRMICI": -10.56350126441265, "GLUPRT": -84.89074869907898, "SERAT": -17.943877836476293, "CYSS": -50.721782032784034, "BPNT": -21.7965397425815, "PAPSR": -73.00523465971688, "ASPK": -0.09999999998278852, "ASAD": 0.10000000000148823, "DAPDC": -34.72244554886638, "OCBT": -26.34537260005294, "GARFT": -9.778109278669325, "PHETA1": 11.535471650749292, "PPND": -40.02937648864031, "PRAMPC": -0.1000000000003638, "ACOTA": 10.256727488577052, "SULR": -117.17049791677755, "PRAGSr": -27.58307720443944, "PRFGS": -0.10000000001559783, "PSERT": -12.882398823997274, "AIRC2": -38.4130397939941, "GAPD": -0.09999999999615561, "GND": -4.191272568352833, "G6PDH2r": -6.978458381885045, "ME2": -5.036522965167066, "ARGSL": -20.4382417998323, "CBPS": -41.29115713718965, "GLU5K": -0.10000000002382059, "IPPS": -37.60915019747985, "ACOATA": -3.1017069824873893, "ACtex": 0.09999999999975784, "ACALDtex": 0.09999999999981192, "PSP_L": -26.49215312566467, "ADSK": -23.95608912924155, "SUCCt2_2pp": -6.360255899511673, "HSDy": -12.066428827124026, "CYSTL": -36.64800926361812, "SHSL1": -62.1287401821432, "SULabcpp": -40.29937770186609, "GLUtex": 0.0999999999997769, "AKGt2rpp": 5.490299053677574, "GLYCtex": 0.09999999999936082, "O2tpp": -0.0999999999997934, "PYRt2rpp": 0.09999999999999998, "THD2pp": 4.021688862613137, "TKT2": -5.7903456304943655, "ATPS4rpp": -0.2504979211425402, "CO2tpp": 0.1, "GK1": -2.889871277953777, "O2tex": -0.10000000000173692, "D_LACtex": 0.09999999999975201, "GLCtex_copy1": -0.09999999999940518, "PItex": -5.871911965214833, "CYTBDpp": -98.86836547627196, "CYTBD2pp": -321.88296325814304, "ACALDtpp": 0.09999999999848086, "ACt2rpp": 0.09999999999783782, "METS": -5.038189021436503, "PRASCSi": -68.90215355318897, "MTHFC": -0.1000000000121215, "MTHFD": -0.10000000002443699, "FORtppi": -8.201056283854312, "PYRtex": 0.09999999999976993, "SO4tex": -0.6450064313186004, "SUCCtex": 0.19446273779659348, "GRXR": -11.356022121804472, "RNDR1b": -6.684962166381865, "RNDR2b": -0.10000000036848178, "NH4tpp": -8.593027028757437, "NH4tex": -9.602753823172085, "GLYCtpp": -0.0999999999992765, "CO2tex": 1.0852639509049316, "GLUt2rpp": 7.030570240916537, "ACGK": -0.10000000000561826, "GLUDy": 5.6946468363387295, "GLCptspp": -38.550313326934756, "HSTPT": -0.26842158966655394, "THDPS": -0.09999999999484288, "ATPM": -53.68266957620614, "THRD_L": -44.97767991278933, "ETOHtex": 0.09999999999988798, "RNDR2": -39.96764972264081, "DHFR": -27.7165687382952, "PRAIi": -10.56898127913348, "TYRTA": 12.61256163893799, "SHKK": -32.52547730924606, "GLUSy": -35.0730906051591, "OMCDC": -30.442629561131692, "IG3PS": -102.5750439530616, "PDH": -40.42909639509468, "MTHFR2": -32.826708652119095, "DUTPDP": -69.01727673048782, "FORt2pp": -5.2822355904828, "GLNS": -24.3042247259999, "ACGS": -41.67594495290314, "SUCOAS": 7.319731982834963, "PRAIS": -15.59542728864676, "HISTP": -39.85867332866502, "LDH_D": 10.663250783882155, "KAS15": -13.05425350785308, "T2DECAI": -0.10000000008692607, "3OAS161": -9.956095596209082, "DHQS": -170.50967693555359, "EAR161x": -42.3151566734469, "EAR161y": -59.82013742720203, "PGCD": -0.0999999999999659, "3OAS141": -9.947605795428089, "3OAR121": -18.75925739071124, "ADSL1r": -0.6081624352058113, "AICART": -0.09999999999954845, "D_LACt2pp": 0.09999999999828368, "FORtex": 0.0999999999997997, "PFK": -23.153917448259232, "PGM": 3.8912000191741267, "CYTBO3_4pp": -44.93519797892346, "EAR141x": -42.31583934630759, "EAR141y": -59.820820100062846, "TPI": 1.0448889805455017, "RPI": 6.109369876448849, "3OAR120": -18.741393541016876, "3HAD80": -0.37247598853752306, "3HAD120": -0.37261491072322583, "AKGtex": 0.19361098668643503, "SO4t2pp": -0.09999999999683773, "ACONTb": -3.4941214557972415, "3HAD161": -0.3727087298815216, "SUCDi": -78.41309002903438, "ASNS1": -70.53471249089982, "EAR80y": -59.82020767476228, "EAR120y": -59.820031474544756, "3HAD121": -0.372482991410768, "EAR140x": -42.31511775484307, "3OAS140": -9.957623624469122, "3OAR140": -18.74125358480507, "EAR160y": -59.820151449177864, "3OAR160": -18.741457200419177, "EAR100y": -59.870106957914764, "3OAR141": -18.753133266219844, "3OAR161": -18.741207471096864, "3HAD141": -0.3720281346890437, "EAR121x": -42.315210148169186, "EAR121y": -59.82019090192431, "ACONTa": -0.09999999999941522, "3HAD40": -0.37285063215946995, "3OAS60": -9.958106082297837, "3OAS160": -9.957412525721473, "3OAR60": -18.741583308839488, "3OAR80": -18.74151716445497, "EAR100x": -42.36512620415953, "EAR120x": -42.315050720789806, "EAR160x": -42.31517069542267, "EAR140y": -59.82009850859818, "3OAS121": -9.89023988540966, "3OAS80": -9.95307134845391, "3OAS100": -9.9574189473593,