{"NDPK5": 3.787633261776589, "SHK3Dr": 9.909902107942383, "NDPK6": 6.073578908732094, "NDPK8": 2.488529903028244, "DHORTS": -0.10000011380790319, "OMPDC": 44.67697732363158, "G5SD": 17.455415717407394, "CS": 49.79057449543343, "ICDHyr": 0.09999968339893028, "ACALD": -0.10000020365446183, "PPA": 27.82629815463553, "PPCK": 15.072466013106771, "ME1": 22.555125693949265, "ALATA_L": -13.479324605762395, "GLYK": 25.665293882108855, "ASPTA": -8.245385617294879, "FBP": 30.52820781097241, "PYK": 14.728783746858083, "GTHOr": 38.322924372702396, "ILETA": -3.756528011436308, "DHORD5": 11.114410633226875, "VALTA": -13.579325031381869, "IPPMIb": -0.10000007401821387, "ORPT": -1.221642270959102, "ACHBS": 21.038729163046273, "DHAD2": 37.46988780691926, "ACLS": 34.17381852427183, "TRPS2": 29.57534064465785, "PSCVT": 12.552978950296078, "PFL": 13.928515714780232, "ANS": 120.30529593584323, "FRD2": 33.067649364503374, "ANPRT": 61.694899926033536, "CHORM": 49.63858902222195, "PTAr": 6.199205450666582, "CHORS": 65.27639889952731, "IGPS": 94.80006017422521, "ACKr": -9.787139144310414, "LEUTAi": 10.01408277193953, "ENO": 2.820969022300877, "FBA": -3.4645750756451297, "HCO3E": 10.070964448714264, "IMPC": -10.081752039788949, "IMPD": 0.10000027442142123, "PPS": 35.6486638849573, "PGI": -0.10000000206364679, "PGK": -2.8416311522609714, "PGL": 27.62737902676546, "RPE": 3.05458751547318, "DHQTi": 5.2902589510555424, "IPMD": 0.10000005620723118, "AIRC3": -0.09999845169685528, "TALA": 12.338905994266348, "ADSL2r": 0.10000439837883057, "TKT1": 0.09999997832645846, "RNDR1": 46.5514058678068, "ALCD2x": -1.1880943281161138, "RNDR3": 40.013479021065045, "RNDR4": 44.49876391273487, "TMDS": 51.53566933804185, "DHAD1": 36.578655870984136, "IPPMIa": -0.09999995135170403, "MDH": -7.246123022846641, "FUM": 0.4968297221083585, "KARA1": -18.78378959382259, "KARA2": 18.783544606901884, "ACCOAC": 14.325875170860716, "KAS14": 9.93503834541876, "ARGSS": 0.10001211858616688, "AGPR": -16.23276673453049, "ICL": 0.10000002800352598, "GLYCL": 2.296165161512958, "PPC": 38.60987264698319, "G3PT": 28.017044794515087, "SADT2": 11.617939026092584, "GHMT2r": 0.10000108319703749, "DHORD2": 122.57781443034882, "SDPDS": 8.586610300565638, "UMPK": 3.854922886945194, "CTPS2": 41.325108536086205, "NDPK7": 1.365578153887796, "TRPS3": 2.526624064156834, "ADK1": 3.3048885818047546, "NDPK2": 5.071435629850402, "NDPK4": 3.7915849771515315, "ACODA": 27.806506085089232, "ADSS": 12.184462706358769, "ASNS2": 41.19234352410076, "ASPCT": 17.986661999154908, "MCOATA": 0.09999941243349042, "DAPE": 1.6525332837339923, "DHDPRy": 18.02791997369064, "HSK": 41.02423625472203, "SDPTA": -3.4042763449923887, "THRS": 45.45600585113538, "HSST": 37.745365884997064, "PPNDH": 79.70450485832491, "DTMPK": 6.817124618947822, "NDPK1": 2.6605725761050003, "TRDR": 9.813038158881971, "DDPA": 64.11231605279794, "MALS": 46.52420838807076, "NADTRHD": 17.50439447327641, "G3PD2": -32.46099106723786, "GMPS2": 0.10140402801471282, "P5CR": 20.111208735471436, "G5SADs": 38.302116690237696, "AKGDH": 30.97801736097046, "ATPPRT": 46.22612772717212, "HISTD": 45.3699802932391, "DHDPS": 97.56905559021006, "IGPDH": 42.813860847617576, "PRPPS": 10.161773969410344, "PRATPP": 77.54100064247898, "GLUN": 29.37500471259503, "PRMICI": 10.564700338004723, "GLUPRT": 84.91549360596589, "SERAT": 17.94751632168125, "CYSS": 50.738851533600055, "BPNT": 21.79809091817858, "PAPSR": 73.01411626365127, "ASPK": 0.09999995119162008, "ASAD": -0.10000040887217665, "DAPDC": 34.73681894714132, "OCBT": 26.35547936845811, "GARFT": 9.77012739701173, "PHETA1": -11.535635699779737, "PPND": 40.117281090113494, "PRAMPC": 0.10084670452624778, "ACOTA": -10.32065353208618, "SULR": 117.18695686153087, "PRAGSr": 27.602377329176257, "PRFGS": 0.10069789800763829, "PSERT": 12.882204943652905, "AIRC2": 38.40257618193036, "GAPD": 0.09999982436618371, "GND": 4.185830883649775, "G6PDH2r": 6.9771375698763975, "ME2": 5.050731424789597, "ARGSL": 20.42009411506587, "CBPS": 41.28847158379635, "GLU5K": 0.1000000772221803, "IPPS": 38.479497432702594, "ACOATA": 3.0768348991063217, "ACtex": -0.10000004473186387, "ACALDtex": -0.10000011986901997, "PSP_L": 26.487945803234272, "ADSK": 23.947274098278537, "SUCCt2_2pp": 6.360563498563286, "HSDy": 12.066590133381759, "CYSTL": 36.64857426018667, "SHSL1": 62.14048985057501, "SULabcpp": 40.2990465829742, "GLUtex": -0.11146835615017192, "AKGt2rpp": -5.489878151099793, "GLYCtex": -0.10004060148038733, "O2tpp": 0.09999999151153252, "PYRt2rpp": -0.10000076040528516, "THD2pp": -4.021102598939585, "TKT2": 5.788231733142755, "ATPS4rpp": 0.25082898506110407, "CO2tpp": -0.1000002731204215, "GK1": 2.889862827457345, "O2tex": 0.09999998417198164, "D_LACtex": -0.10000004464537698, "GLCtex_copy1": 0.10037467429876551, "PItex": 5.87214631429414, "CYTBDpp": 98.90077898002303, "CYTBD2pp": 321.82758657426666, "ACALDtpp": -0.10000005352415844, "ACt2rpp": -0.10000001527910474, "METS": 5.014997399912155, "PRASCSi": 68.9064942835457, "MTHFC": 0.10000214108546679, "MTHFD": 0.10000027060597816, "FORtppi": 8.19543477551898, "PYRtex": -0.10000196806982835, "SO4tex": 0.6449726525667443, "SUCCtex": -0.19449404636731601, "GRXR": 11.347413917814492, "RNDR1b": 6.694106186662111, "RNDR2b": 0.10503877495193592, "NH4tpp": 8.59233607499786, "NH4tex": 9.603404524224995, "GLYCtpp": 0.10002045272923318, "CO2tex": -1.0848973115806055, "GLUt2rpp": -7.024468451546532, "ACGK": 0.09999979478594767, "GLUDy": -5.694026671081823, "GLCptspp": 38.566808299196786, "HSTPT": 0.2685046701422528, "THDPS": 0.10000136510420532, "ATPM": 53.68233851228712, "THRD_L": 44.96807368632974, "ETOHtex": -0.10004062916899403, "RNDR2": 39.962338407307435, "DHFR": 27.729155852607995, "PRAIi": 10.570346520878388, "TYRTA": -12.612615228654155, "SHKK": 32.52625152571847, "GLUSy": 35.06903016843642, "OMCDC": 30.549136094158442, "IG3PS": 102.59198168917737, "PDH": 40.40246955358783, "MTHFR2": 32.83067156974929, "DUTPDP": 69.00299525965559, "FORt2pp": 5.287857098818133, "GLNS": 24.307333820090765, "ACGS": 41.64053914247103, "SUCOAS": -7.317054423809301, "PRAIS": 15.60988515306235, "HISTP": 39.88933601686295, "LDH_D": -10.646545485912458, "KAS15": 13.01187386030097, "T2DECAI": 0.10000311579564944, "3OAS161": 9.93892673830082, "DHQS": 170.51940913999616, "EAR161x": 42.33709177371523, "EAR161y": 59.84148604605072, "PGCD": 0.09999987796803111, "3OAS141": 9.930437682297477, "3OAR121": 18.783520745644623, "ADSL1r": 0.6089475753540015, "AICART": 0.09998828132991555, "D_LACt2pp": -0.10000001499379252, "FORtex": -0.1118401078387527, "PFK": 23.154130652638205, "PGM": -3.8912967015602664, "CYTBO3_4pp": 44.96761148267458, "EAR141x": 42.337848569672566, "EAR141y": 59.84224284200817, "TPI": -1.0448445727683149, "RPI": -6.10674946210083, "3OAR120": 18.765581809767305, "3HAD80": 0.3549403705253813, "3HAD120": 0.3549440379764969, "AKGtex": -0.19366540298552762, "SO4t2pp": 0.09999994502402121, "ACONTb": 3.4942247567956697, "3HAD161": 0.35496640074067415, "SUCDi": 78.39575409786099, "ASNS1": 70.56734835943102, "EAR80y": 59.84151998538259, "EAR120y": 59.84149250506124, "3HAD121": 0.3548767264716242, "EAR140x": 42.33714175897962, "3OAS140": 9.94030740234338, "3OAR140": 18.765578114047454, "EAR160y": 59.84145861877803, "3OAR160": 18.76555374472584, "EAR100y": 59.89154307105419, "3OAR141": 18.77724344484402, "3OAR161": 18.76554611378655, "3HAD141": 0.3544147848027128, "EAR121x": 42.33711053944077, "EAR121y": 59.841504811776545, "ACONTa": 0.10000006019861729, "3HAD40": 0.35508212749387497, "3OAS60": 9.94092464245905, "3OAS160": 9.940293741740483, "3OAR60": 18.765936383610622, "3OAR80": 18.7655724691509, "EAR100x": 42.38714879765126, "EAR120x": 42.337098232725815, "EAR160x": 42.337064346442425, "EAR140y": 59.84153603131538, "3OAS121": 9.873116948980627, "3OAS80": 9.935967443979086, "3OAS100": 9.940289328701779, "3OAS120": 9.940293995625739, "3OAR40": 18.773914195937483, "3OAR100": 18.765589403363414, "3HAD60": 0.35529574724430796, "3HAD100": 0.30492952573881293,