{"NDPK5": 0.008390891456396371, "SHK3Dr": 0.1180209615055871, "NDPK6": 0.008126589401046283, "NDPK8": 0.008126589401046283, "DHORTS": -0.10273771844833389, "OMPDC": 0.10273771844833389, "G5SD": 0.06865486585830032, "CS": 2.9486209005969997, "ICDHyr": 2.214631496671049, "ACALD": -0.678532111381455, "PPA": 0.9723868280608126, "PPCK": 6.428920032008007, "ME1": 5.244988873102917, "ALATA_L": -0.18111849743350272, "GLYK": 9.5729159331899, "ASPTA": -0.9088092947532543, "FBP": 9.99478684661661, "PYK": 7.874490947669117, "GTHOr": 0.008390891456396371, "ILETA": -0.09023197630881967, "DHORD5": 0.07784041220084152, "VALTA": -0.13142287582378906, "IPPMIb": -0.13992511080955372, "ORPT": -0.10273771844833389, "ACHBS": 0.09023197630881967, "DHAD2": 0.09023197630881967, "ACLS": 0.2715288996813931, "TRPS2": 0.01765419710019391, "PSCVT": 0.1180209615055871, "PFL": 3.247233189518795, "ANS": 0.01765419710019391, "FRD2": 0.02490750627689519, "ANPRT": 0.01765419710019391, "CHORM": 0.10036676440539319, "PTAr": 0.2729215295652085, "CHORS": 0.1180209615055871, "IGPS": 0.01765419710019391, "ACKr": -0.2729215295652085, "LEUTAi": 0.13992511080955372, "ENO": 7.996673477228466, "FBA": -0.44626038488862785, "HCO3E": 1.0829008036906418, "IMPC": -0.16819052297867843, "IMPD": 0.07533353965177655, "PPS": 23.84392642794694, "PGI": -20.256537277095326, "PGK": -8.546896937014703, "PGL": 30.12009688046995, "RPE": 19.839622806009498, "DHQTi": 0.1180209615055871, "IPMD": 0.13992511080955372, "AIRC3": -0.1387669646711346, "TALA": 9.978821883757456, "ADSL2r": 0.1387669646711346, "TKT1": 9.978821883757456, "RNDR1": 0.008126569201046286, "ALCD2x": -0.3169235076636446, "RNDR3": 0.008390891456396371, "RNDR4": 0.008126589401046283, "TMDS": 0.008126589401046283, "DHAD1": 0.2715288996813931, "IPPMIa": -0.13992511080955372, "MDH": -9.988361669417648, "FUM": 2.5068942124470164, "KARA1": -0.2715288996813931, "KARA2": 0.09023197630881967, "ACCOAC": 0.7495295711520075, "KAS14": 2.0200000001580066e-08, "ARGSS": 0.09186654941963932, "AGPR": -0.09186654941963932, "ICL": 0.7339894039295936, "GLYCL": 0.016977757762727124, "PPC": 20.27471189672647, "G3PT": 9.968066781444694, "SADT2": 0.07635316790996026, "GHMT2r": 0.3460167348730122, "DHORD2": 0.024897306247492375, "SDPDS": 0.11520867582850712, "UMPK": 0.11741067532607719, "CTPS2": 0.04985556690372829, "NDPK7": 0.008390891456396371, "TRPS3": 0.01765419710019391, "ADK1": 24.545379424214392, "NDPK2": 0.12395704280277417, "NDPK4": 0.008126589401046283, "ACODA": 0.09186654941963932, "ADSS": 0.09285698332701237, "ASNS2": 0.037508870390838236, "ASPCT": 0.10273771844833389, "MCOATA": 0.7495295711520075, "DAPE": 0.11520867582850712, "DHDPRy": 0.11520867582850712, "HSK": 0.16902163026369352, "SDPTA": -0.11520867582850712, "THRS": 0.16902163026369352, "HSST": 0.04773152253646713, "PPNDH": 0.05753927177959335, "DTMPK": 0.008126589401046283, "NDPK1": 0.2361527994330534, "TRDR": 0.1009972381684492, "DDPA": 0.1180209615055871, "MALS": 0.7339894039295934, "NADTRHD": 14.655628000353827, "G3PD2": -0.438329915417977, "GMPS2": 0.07533353965177655, "P5CR": 0.06865486585830032, "G5SADs": 0.06865486585830032, "AKGDH": 1.6165878588008427, "ATPPRT": 0.02942355830758705, "HISTD": 0.02942355830758705, "DHDPS": 0.11520867582850712, "IGPDH": 0.02942355830758705, "PRPPS": 0.28928993568667916, "PRATPP": 0.02942355830758705, "GLUN": 8.82376075449449, "PRMICI": 0.02942355830758705, "GLUPRT": 0.1387669646711346, "SERAT": 0.07635316790996026, "CYSS": 0.07635316790996026, "BPNT": 0.07635316790996026, "PAPSR": 0.07635316790996026, "ASPK": 0.3319618286286678, "ASAD": -0.3319618286286678, "DAPDC": 0.10657832857343282, "OCBT": 0.09186654941963932, "GARFT": 0.1387669646711346, "PHETA1": -0.05753927177959335, "PPND": 0.04282749262579982, "PRAMPC": 0.02942355830758705, "ACOTA": -0.09186654941963932, "SULR": 0.07635316790996026, "PRAGSr": 0.1387669646711346, "PRFGS": 0.1387669646711346, "PSERT": 0.5502234597880584, "AIRC2": 0.1387669646711346, "GAPD": 8.546896937014703, "GND": 30.12009688046995, "G6PDH2r": 30.12009688046995, "ME2": 7.984256412786027, "ARGSL": 0.09186654941963932, "CBPS": 0.19460426786797322, "GLU5K": 0.06865486585830032, "IPPS": 0.13992511080955372, "ACOATA": 2.0200000001580066e-08, "ACtex": -0.45322646614014606, "ACALDtex": -0.36160860371781045, "PSP_L": 0.5502234597880584, "ADSK": 0.07635316790996026, "SUCCt2_2pp": 19.138592402055036, "HSDy": 0.2167531528001606, "CYSTL": 0.04773152253646713, "SHSL1": 0.04773152253646713, "SULabcpp": 0.038742595261952895, "GLUtex": -0.13547523247878, "AKGt2rpp": -0.1299531203329797, "GLYCtex": -0.39515084829907876, "O2tpp": 37.134752184272386, "PYRt2rpp": -0.22029466909264894, "THD2pp": -50.0837341833088, "TKT2": 9.860800922252043, "ATPS4rpp": 106.27030878670415, "CO2tpp": -36.47602316980741, "GK1": 0.07533353965177655, "O2tex": 37.134752184272386, "D_LACtex": -0.20723269922956947, "GLCtex_copy1": 9.863559603374632, "PItex": 0.2992523531089132, "CYTBDpp": 4.352880944633395, "CYTBD2pp": 0.013729259413575716, "ACALDtpp": -0.36160860371781045, "ACt2rpp": -0.45322646614014606, "METS": 0.04773152253646713, "PRASCSi": 0.1387669646711346, "MTHFC": 0.30695748764981307, "MTHFD": 0.30695748764981307, "FORtppi": 40.135649854361496, "PYRtex": -0.22029466909264894, "SO4tex": 0.0777004561797155, "SUCCtex": -0.1671735478452662, "GRXR": 0.008390891456396371, "RNDR1b": 2.019999999713917e-08, "RNDR2b": 0.008390871256396374, "NH4tpp": 3.486705721710275, "NH4tex": 3.486705721710275, "GLYCtpp": 0.39515084829907876, "CO2tex": -36.47602316980741, "GLUt2rpp": -0.13547523247878, "ACGK": 0.09186654941963932, "GLUDy": -1.4896011372752798, "GLCptspp": 9.863559603374632, "HSTPT": 0.02942355830758705, "THDPS": 0.11520867582850712, "ATPM": 11.855670353847504, "THRD_L": 0.09023197630881967, "ETOHtex": -0.3169235076636446, "RNDR2": 2.019999999713917e-08, "DHFR": 0.008126589401046283, "PRAIi": 0.01765419710019391, "TYRTA": -0.04282749262579982, "SHKK": 0.1180209615055871, "GLUSy": 1.3170861433668997, "OMCDC": 0.13992511080955372, "IG3PS": 0.02942355830758705, "PDH": 2.5843796418054508, "MTHFR2": 0.04773152253646713, "DUTPDP": 0.008126589401046283, "FORt2pp": 36.888001111214436, "GLNS": 10.933687191662324, "ACGS": 0.09186654941963932, "SUCOAS": -1.4536476604361073, "PRAIS": 0.1387669646711346, "HISTP": 0.02942355830758705, "LDH_D": -0.2072326992295695, "KAS15": 0.11052855260609765, "T2DECAI": 0.046719658733493485, "3OAS161": 0.046719658733493485, "DHQS": 0.1180209615055871, "EAR161x": 0.02337683663459751, "EAR161y": 0.023342822100648843, "PGCD": 0.5502234597880584, "3OAS141": 0.046719658733493485, "3OAR121": 0.046719658733493485, "ADSL1r": 0.09285698332701237, "AICART": 0.16819052297867843, "D_LACt2pp": -0.20723269922956947, "FORtex": -3.247648743380201, "PFK": 9.548526461735268, "PGM": -7.996673477228466, "CYTBO3_4pp": 32.76814198022541, "EAR141x": 0.02337683663459751, "EAR141y": 0.023342822100648846, "TPI": -0.885297797459808, "RPI": -10.268111819445958, "3OAR120": 0.06380891407260418, "3HAD80": 0.11052857280609764, "3HAD120": 0.06380891407260418, "AKGtex": -0.1299531203329797, "SO4t2pp": 0.038957860917762606, "ACONTb": 2.948620900596999, "3HAD161": 0.046719658733493485, "SUCDi": 2.209018718408536, "ASNS1": 0.03735755963721334, "EAR80y": 0.05516921217594965, "EAR120y": 0.031872801025082075, "3HAD121": 0.046719658733493485, "EAR140x": 0.01983149658098172, "3OAS140": 0.06380891407260418, "3OAR140": 0.06380891407260418, "EAR160y": 0.01980697900270979, "3OAR160": 0.03963847558192826, "EAR100y": 0.03187280102508206, "3OAR141": 0.046719658733493485, "3OAR161": 0.046719658733493485, "3HAD141": 0.046719658733493485, "EAR121x": 0.02337683663459751, "EAR121y": 0.023342822100648836, "ACONTa": 2.9486209005969997, "3HAD40": 0.11052857280609764, "3OAS60": 0.11052857280609764, "3OAS160": 0.03963847558192826, "3OAR60": 0.11052857280609764, "3OAR80": 0.11052857280609764, "EAR100x": 0.03193611304924991, "EAR120x": 0.03193611304924991, "EAR160x": 0.01983149658098172, "EAR140y": 0.01980697900270979,