{"NDPK5": -22.6532621412448, "SHK3Dr": -14.724746597387684, "NDPK6": -23.329045404108307, "NDPK8": -21.442158563584673, "DHORTS": -7.503734449638438, "OMPDC": -53.26011941841496, "G5SD": -10.881990738249643, "CS": -30.53261979930219, "ICDHyr": -7.45299539778847, "ACALD": -0.0, "PPA": -17.836389639230685, "PPCK": -0.0, "ME1": -0.0, "ALATA_L": -16.633788881076395, "XYLK": -0.0, "RBK": -0.0, "GLYK": -0.0, "ASPTA": -7.452995397787971, "FBP": -0.0, "PYK": -7.452995397787273, "GTHOr": -0.0, "ILETA": -21.32462895820566, "DHORD5": 0.0, "VALTA": -28.370666438252318, "IPPMIb": -9.268983355880698, "ORPT": -21.525505439888068, "ACHBS": -16.915429217061128, "DHAD2": -39.34102949515841, "ACLS": -11.896214900320226, "TRPS2": -57.575313713091944, "PSCVT": -25.932707807558824, "PFL": 0.0, "ANS": -115.05339400519728, "FRD2": -0.0, "ANPRT": -77.1848291916462, "CHORM": -46.486248437125546, "PTAr": -8.457566901080336, "CHORS": -53.81379014980794, "IGPS": -76.8524387743622, "ACKr": -8.406145835015526, "LEUTAi": -30.960344867036376, "ENO": -7.452995397787444, "FBA": -7.452995397787138, "HCO3E": -7.452995397791923, "IMPC": -17.70781695084764, "IMPD": -29.437846917146945, "PPS": -0.0, "PGI": -15.164938629338291, "PGK": -7.452995397787469, "PGL": -19.413185511242073, "RPE": -9.4313958224872, "DHQTi": -16.632953158572356, "IPMD": -18.842808299912942, "AIRC3": -7.452995397787068, "TALA": -9.520359282416354, "ADSL2r": -7.452995397787465, "TKT1": -9.574398872226842, "RNDR1": -38.960202454925216, "ALCD2x": -0.0, "RNDR3": -40.14585127227574, "RNDR4": -40.32228654305302, "TMDS": -51.703938549323325, "DHAD1": -36.79876961578386, "IPPMIa": -7.939988836121694, "MDH": -7.452995397788047, "FUM": -7.45299539778747, "KARA1": -14.669882682731448, "KARA2": -17.38818010435045, "ACCOAC": -9.468224986303424, "KAS14": 0.0, "ARGSS": -44.042085743175, "AGPR": -8.89293680825254, "ICL": -0.0, "GLYCL": -7.452995397787981, "XYLI1": 0.0, "PPC": -35.84206472180734, "G3PT": -0.0, "SADT2": -11.6482971271509, "GHMT2r": -7.45299539778802, "DHORD2": -102.98256753913907, "SDPDS": -7.888724829503167, "UMPK": -15.788814692083298, "CTPS2": -60.13843075684299, "NDPK7": -21.082067067697153, "TRPS3": -13.562548355426527, "ADK1": -11.595869921501007, "NDPK2": -18.782505043718988, "NDPK4": -22.25971391588957, "ACODA": -8.984007581440636, "ADSS": -39.23306713009629, "ASNS2": -81.343849806752, "ASPCT": -33.38381078806612, "MCOATA": -8.000451978351235, "DAPE": -7.949513585874959, "DHDPRy": -12.775713596587416, "HSK": -44.0919913997878, "SDPTA": -7.922462838660069, "THRS": -30.642886165119528, "HSST": -30.735502118454736, "PPNDH": -50.21812703154262, "DTMPK": -21.394685781515847, "NDPK1": -11.534463895889761, "TRDR": -14.041088345093614, "DDPA": -60.59453743232598, "MALS": -0.0, "NADTRHD": -0.0, "G3PD2": -25.051933817747074, "GMPS2": -59.62901121981828, "P5CR": -15.396091669506827, "AKGDH": -37.77622529094282, "ATPPRT": -76.76593010885466, "HISTD": -100.35674450543092, "DHDPS": -107.48468847062111, "IGPDH": -48.386546930325885, "PRPPS": -28.204431824960825, "PRATPP": -60.676932258679486, "GLUN": -0.0, "PRMICI": -9.156711372043395, "GLUPRT": -78.62043923451438, "SERAT": -23.175783452400122, "CYSS": -53.45610557453535, "BPNT": -17.234226934128053, "PAPSR": -64.5768522849478, "ASPK": -7.452995397787492, "ASAD": -7.452995397787495, "DAPDC": -18.902713515562322, "OCBT": -38.15324141573328, "GARFT": -7.4530449650190365, "PHETA1": -28.564550425384326, "PPND": -32.70157265788873, "PRAMPC": -7.453002593107413, "GLYCK2": -0.0, "ACOTA": -9.100366110101966, "SULR": -104.32905023702429, "PRAGSr": -44.10444262922089, "PRFGS": -7.4530442066311, "PSERT": -22.355339305469833, "AIRC2": -53.7697049666396, "GAPD": -7.452995397787509, "GND": -8.646040826774376, "G6PDH2r": -16.672608169713047, "ME2": 0.0, "ARGSL": -17.596328289595963, "CBPS": -56.797223783047485, "GLU5K": -7.452995397787455, "IPPS": -28.541189589657694, "ACOATA": -0.0, "ACtex": 0.0, "ACALDtex": -0.0, "PSP_L": -8.38495398521719, "ADSK": -44.998616107322796, "SUCCt2_2pp": -0.0, "HSDy": -13.401670368206654, "CYSTL": -24.294560775326005, "SHSL1": -83.591523587682, "SULabcpp": -0.0, "GLUtex": 0.0, "AKGt2rpp": -0.0, "XYLt2pp": -0.0, "GLYCtex": -0.0, "Htex": -15.74192235732439, "PYRt2rpp": -0.0, "THD2pp": 0.0, "TKT2": -21.13323232505247, "ATPS4rpp": -35.631465250272214, "GK1": -22.536977224424078, "GLCNtex": 0.0, "GLNtex": -0.0, "O2tex": -23.7509863788202, "D_LACtex": 0.0, "GLCtex_copy1": -17.125566108710508, "FUMt2_2pp": -0.0, "PItex": -9.651575152399921, "CYTBDpp": -0.0, "CYTBD2pp": -0.0, "ACt2rpp": 0.0, "METS": -20.704574009305663, "FRUtex": -0.0, "FUMtex": 0.0, "PRASCSi": -79.43024602947878, "MTHFC": -7.452995397787454, "MTHFD": -7.4529953977873005, "XYLtex": -0.0, "FORtppi": -17.408233044848327, "PYRtex": 0.0, "SO4tex": -11.186748064972274, "SUCCtex": 0.0, "GRXR": -0.0, "RNDR1b": -0.0, "RNDR2b": -0.0, "MALt2_2pp": -0.0, "NH4tex": -23.848901840943583, "RIBabcpp": -0.0, "GLYCAt2rpp": -0.0, "GLYCAtex": 0.0, "GLNabcpp": -0.0, "CO2tex": -23.7509863788202, "GLUt2rpp": 0.0, "ACGK": -8.55654534130919, "GNK": -0.0, "GLUDy": -7.452995397788002, "GLCNt2rpp": -0.0, "GLCptspp": -45.601028892823514, "HSTPT": -18.98166193319077, "THDPS": -7.857352255165904, "ATPM": -58.81884101205719, "THRD_L": -29.180859222710616, "ETOHtex": -0.0, "RNDR2": -35.87011727910537, "DHFR": -34.42534507593726, "PRAIi": -18.249340474951172, "TYRTA": -27.149308451624584, "SHKK": -50.31103729967717, "GLUSy": -0.0, "IG3PS": -57.653799711915156, "PDH": -62.275317149656175, "MTHFR2": -9.660331889439169, "DUTPDP": -61.52579169113034, "NTP5": -0.0, "FORt2pp": -0.0, "GLNS": -42.77721446420757, "ACGS": -42.602532062668736, "SUCOAS": -16.420936480020412, "PRAIS": -57.81315917786342, "HISTP": -21.788176780389932, "LDH_D": -0.0, "KAS15": -10.300632614799488, "T2DECAI": -9.667384516200439, "3OAS161": -11.545370298448137, "DHQS": -166.90522899734685, "EAR161x": -15.695997693532089, "EAR161y": -0.0, "PGCD": -18.065837659889517, "MALtex": 0.0, "3OAS141": -10.957595673844326, "3OAR121": -10.552822448721155, "ADSL1r": -9.113424821661429, "AICART": -7.452995397787552, "D_LACt2pp": -0.0, "RIBtex": -0.0, "FRUpts2pp": -0.0, "FORtex": -14.642377487412936, "PFK": -26.57817925240201, "PGM": -7.452995397787539, "CYTBO3_4pp": -20.203113297102643, "EAR141x": -12.106253631032882, "EAR141y": -0.0, "EAR181x": -0.0, "EAR181y": -0.0, "TPI": -7.4529953977872125, "RPI": -9.492745932364999, "3OAR120": -12.32375335003193, "3HAD80": -10.974260613388035, "3HAD120": -11.94289137266364, "EAR180x": -0.0, "AKGtex": 0.0, "SO4t2pp": -10.959990413148036, "EAR180y": -0.0, "ACONTb": -7.452995397788307, "3HAD161": -12.942381336902612, "SUCDi": -56.327916916618584, "ASNS1": -0.0, "EAR80y": -0.0, "EAR120y": -0.0, "3OAR181": -0.0, "3HAD121": -10.785824467726066, "EAR140x": -12.262454522750946, "3OAS181": -0.0, "3OAS140": -11.42082145513977, "3OAR140": -11.795477120302483, "EAR160y": -0.0, "3OAR160": -12.409061912379714, "3HAD181": -0.0, "EAR100y": -0.0, "3OAR141": -11.446894207601702, "3OAR161": -12.340691979172801, "3HAD141": -11.502298275729055, "EAR121x": -11.429571015675672, "EAR121y": -0.0, "ACONTa": -7.452995397788511, "3HAD40": -11.089225404551508, "3OAS60": -11.023040783283303, "3OAS160": -11.63681669588881, "3OAR60": -11.395026522336927, "3OAR80": -11.203360004066626, "EAR100x": -15.312767756057807, "EAR120x": -12.248484011786935, "EAR160x": -15.72610681462092, "EAR140y": -0.0, "3OAS121": -9.826893182387973, "3OAS80": -10.97754658571239, "3OAS100": -10.304894019526165, "3OAS120": -12.393166790357347, "3OAR40": -10.997099434685245, "3OAR100": -10.145717600467218, "3HAD60": -11.310987818429158, "3HAD100": -9.76638411450934, "3HAD140": -11.73351251098286, "3HAD160": -12.987469044561102, "EAR40x": -11.628880734158555, "EAR60y": -0.0, "EAR60x": -11.717557011121995, "EAR80x": -11.16331900718018, "3OAR180": -0.0, "3OAS180": -0.0, "3HAD180": -0.0, "NADH16pp": -16.211454135990703, "NADH17pp": 0.0, "VPAMTr": -0.0, "PIt2rpp": -9.334265432176055, "PItpp": -0.0,