{"NDPK5": -1.6710847386435328e-11, "SHK3Dr": -3.4931004763418416e-11, "NDPK6": -1.5999537401756176e-11, "NDPK8": -1.8157609154026434e-11, "DHORTS": -4.995944131569041e-09, "OMPDC": -5.545214722278019e-12, "G5SD": -7.407863646658754e-11, "CS": -1.1006057008544092e-11, "ICDHyr": -0.012191392145833115, "PPA": -2.446346845808652e-11, "ALATA_L": -2.7667516960069356e-11, "ASPTA": -0.017784747360458687, "PYK": -0.036934218880883204, "ILETA": -1.8311425402915645e-11, "VALTA": -1.214327779424866e-11, "IPPMIb": -1.3987814118380725e-10, "ORPT": -1.8050057400394532e-11, "ACHBS": -2.684410894896259e-11, "DHAD2": -7.965650294185062e-12, "ACLS": -5.716960442591134e-11, "TRPS2": -5.067778991315979e-12, "PSCVT": -1.3745274421165293e-11, "ANS": -2.360579901865448e-12, "ANPRT": -3.642618779498858e-12, "CHORM": -6.50753338177565e-12, "PTAr": -2.5294541021185467e-10, "CHORS": -5.478950018894089e-12, "IGPS": -3.660086138323056e-12, "ACKr": -2.666186807745897e-10, "LEUTAi": -1.0805423260157596e-11, "ENO": -0.03698300142280823, "FBA": -0.1086130993909578, "HCO3E": -0.003157287295362943, "IMPC": -2.4769523251753736e-11, "IMPD": -1.1553824320401391e-11, "PGI": -3.29347455669756e-11, "PGK": -0.037139563682354916, "PGL": -2.1237230065681126e-11, "RPE": -1.2838286114476777e-10, "DHQTi": -2.7670078183927874e-11, "IPMD": -2.2301493218362207e-11, "AIRC3": -0.18728363127935455, "TALA": -1.2288057470881513e-10, "ADSL2r": -0.033842745397220944, "TKT1": -1.197583526501687e-10, "RNDR1": -8.061950689038656e-12, "RNDR3": -7.76956642632117e-12, "RNDR4": -7.727871148589711e-12, "TMDS": -5.740186835601455e-12, "DHAD1": -8.655737235478378e-12, "IPPMIa": -5.216411734066655e-10, "MDH": -0.017713111148949117, "FUM": -0.03363504193308444, "KARA1": -3.519692398568352e-11, "KARA2": -2.556669478571039e-11, "ACCOAC": -1.2605399609032631e-10, "ARGSS": -6.9422024556107926e-12, "AGPR": -1.7640981168284767e-10, "GLYCL": -0.017013591459673592, "PPC": -8.947429402543478e-12, "SADT2": -6.054371596443302e-11, "GHMT2r": -0.017004004249047758, "DHORD2": -2.6589932592602603e-12, "SDPDS": -5.829884451557174e-10, "UMPK": -3.047203105764414e-11, "CTPS2": -4.8212155279522e-12, "NDPK7": -1.8637339934034352e-11, "TRPS3": -4.1575659433939087e-11, "ADK1": -6.131292762413079e-11, "NDPK2": -2.2420005519086784e-11, "NDPK4": -1.7154966288891043e-11, "ACODA": -1.6590511552120294e-10, "ADSS": -7.992708095951247e-12, "ASNS2": -3.437631076676178e-12, "ASPCT": -9.795590557265719e-12, "MCOATA": -4.6409915454499125e-10, "DAPE": -5.116104859180969e-10, "DHDPRy": -4.77224338401866e-11, "HSK": -6.932772508522044e-12, "SDPTA": -5.410982760718664e-10, "THRS": -1.0953507549206969e-11, "HSST": -1.0909908884242261e-11, "PPNDH": -5.939659331834435e-12, "DTMPK": -1.82192651492879e-11, "NDPK1": -6.223085941681389e-11, "TRDR": -3.855458246834259e-11, "DDPA": -4.7799092443416835e-12, "G3PD2": -1.4432829049904808e-11, "GMPS2": -4.868311165518342e-12, "P5CR": -3.197765710359425e-11, "AKGDH": -8.376679283693433e-12, "ATPPRT": -3.664768522359855e-12, "HISTD": -2.7341187904684876e-12, "DHDPS": -2.5392991196496603e-12, "IGPDH": -6.205397972070728e-12, "PRPPS": -1.2240668001144507e-11, "PRATPP": -4.772554991059039e-12, "PRMICI": -1.490949407877994e-10, "GLUPRT": -3.5692389294111987e-12, "SERAT": -1.6155523120528958e-11, "CYSS": -5.5215565695082076e-12, "BPNT": -2.5969131637724365e-11, "PAPSR": -4.446626860868925e-12, "ASPK": -0.03500559141001174, "ASAD": -0.03500439445675028, "DAPDC": -2.2184842841809364e-11, "OCBT": -8.273834609830574e-12, "GARFT": -0.00016256419950804314, "PHETA1": -1.2031820992142399e-11, "PPND": -1.0060350109037265e-11, "PRAMPC": -0.0006093765246687189, "ACOTA": -1.5419238807203675e-10, "SULR": -2.6219920712966997e-12, "PRAGSr": -6.930426821066581e-12, "PRFGS": -0.0001628029200420783, "PSERT": -1.704504135554258e-11, "AIRC2": -5.484031745966053e-12, "GAPD": -0.03508122404032343, "GND": -2.12920512780131e-10, "G6PDH2r": -2.7550300330183478e-11, "ARGSL": -2.5041974831454255e-11, "CBPS": -5.147612493537824e-12, "GLU5K": -0.03974028156444572, "IPPS": -1.2045152880190966e-11, "PSP_L": -2.7260294466437173e-10, "ADSK": -6.7653252924006714e-12, "HSDy": -4.2701625997678014e-11, "CYSTL": -1.5082282377803656e-11, "SHSL1": -3.3361359987599824e-12, "Htex": -3.064071205739781e-11, "TKT2": -1.8567764916205404e-11, "ATPS4rpp": -9.014011683037151e-12, "GK1": -1.6839652493023164e-11, "O2tex": -1.558391007695324e-11, "GLCtex_copy1": -2.625848779272237e-11, "PItex": -1.1549438417447951e-10, "METS": -1.916822481660439e-11, "PRASCSi": -3.528984489913235e-12, "MTHFC": -0.034011862469217384, "MTHFD": -0.03979842474823612, "FORtppi": -2.5513588259968935e-11, "SO4tex": -6.802194109772688e-11, "NH4tex": -1.5490852063946144e-11, "CO2tex": -1.5583889387445533e-11, "ACGK": -2.3018681555064585e-10, "GLUDy": -0.01695218448386028, "GLCptspp": -6.658370717225208e-12, "HSTPT": -2.203276155820227e-11, "THDPS": -6.283057478537109e-10, "ATPM": -4.9451152761472655e-12, "THRD_L": -1.1690525944589595e-11, "RNDR2": -8.938609330100061e-12, "DHFR": -9.417392636390756e-12, "PRAIi": -2.352722783003537e-11, "TYRTA": -1.2896346190927114e-11, "SHKK": -5.926742049193147e-12, "IG3PS": -5.0598580881048055e-12, "PDH": -4.6332094231484805e-12, "MTHFR2": -1.1507497959621463e-10, "DUTPDP": -4.6975429337858244e-12, "GLNS": -7.190802118209345e-12, "ACGS": -7.226541094458647e-12, "SUCOAS": -2.832352310166728e-11, "PRAIS": -5.04366742168982e-12, "HISTP": -1.7719344902778717e-11, "KAS15": -8.920467139797244e-11, "T2DECAI": -1.1471161125198278e-10, "3OAS161": -6.206862333899047e-11, "DHQS": -1.5930716971957967e-12, "EAR161x": -3.0814654357058954e-11, "PGCD": -2.39343172175175e-11, "3OAS141": -7.248074775698414e-11, "3OAR121": -8.194519364678619e-11, "ADSL1r": -1.5297619869471566e-10, "AICART": -0.03384387242522223, "FORtex": -3.532619680011699e-11, "PFK": -1.328151956975377e-11, "PGM": -0.037145133481562, "CYTBO3_4pp": -1.992301337315955e-11, "EAR141x": -5.458802729510226e-11, "TPI": -0.10852942458472746, "RPI": -1.2453719189061369e-10, "3OAR120": -5.215097175495347e-11, "3HAD80": -7.21380203886022e-11, "3HAD120": -5.6574486976299056e-11, "SO4t2pp": -7.242392017506278e-11, "ACONTb": -0.012325984869619869, "3HAD161": -4.6270849472143945e-11, "SUCDi": -5.197200553035023e-12, "3HAD121": -7.621565992587973e-11, "EAR140x": -5.281512096187106e-11, "3OAS140": -6.401888315795154e-11, "3OAR140": -5.849494039522375e-11, "3OAR160": -5.125111592968743e-11, "3OAR141": -6.360030654496523e-11, "3OAR161": -5.196799587070814e-11, "3HAD141": -6.272936292661701e-11, "EAR121x": -6.387785500807189e-11, "ACONTa": -0.012331734493457468, "3HAD40": -6.986101294569786e-11, "3OAS60": -7.115488554149254e-11, "3OAS160": -6.071201511145956e-11, "3OAR60": -6.44392213205627e-11, "3OAR80": -6.773171053424546e-11, "EAR100x": -3.231805940368859e-11, "EAR120x": -5.2969456408870176e-11, "EAR160x": -3.070251049945426e-11, "3OAS121": -1.0700504758881535e-10, "3OAS80": -7.207188959093632e-11, "3OAS100": -8.90713335389532e-11, "3OAS120": -5.141841053431604e-11, "3OAR40": -7.167967035998433e-11, "3OAR100": -9.433626034840454e-11, "3HAD60": -6.584220280095839e-11, "3HAD100": -1.0980453866283373e-10, "3HAD140": -5.934104953769377e-11, "3HAD160": -4.589391790633579e-11, "EAR40x": -6.083153145741498e-11, "EAR60x": -5.95646072363625e-11, "EAR80x": -6.846229199654377e-11, "NADH16pp": -2.9003098304540264e-11, "PIt2rpp": -1.349893470265119e-10}