{"co2_e": 0.0006929912354876341, "akg_e": 0.00029602422060629504, "13dpg_c": 0.005308076964936619, "prbamp_c": 0.0015985172646056694, "fpram_c": 0.0003767969513705067, "fum_p": 0.00038169906577682224, "gln__L_e": 0.0003053073763367055, "akg_c": 0.03324380678934092, "rib__D_c": 0.00024794211745216043, "gthrd_c": 0.00026348772658399834, "pyr_p": 0.00038334126969222156, "ser__L_c": 0.04392418744414988, "aspsa_c": 0.09026241516990569, "asp__L_c": 0.044609760203992904, "succ_p": 0.00042477552270566137, "fru_e": 0.0002573236209384511, "pyr_e": 0.00029706939302028435, "nad_c": 0.17942751860135298, "3ocvac11eACP_c": 0.0002478865812759428, "3hoctaACP_c": 0.00020073546418728543, "mal__L_c": 0.04028247313417722, "g3p_c": 0.46936723589287677, "etoh_c": 0.00024022645994347446, "5aizc_c": 0.48288937368466217, "ac_e": 0.00025461334167897645, "glx_c": 0.0007873781832903403, "etoh_e": 0.0001812196883327773, "glcn_p": 0.0002159523169140193, "nh4_p": 0.000687490471959431, "q8h2_c": 0.00026101239341394137, "xylu__D_c": 0.0002737521305428757, "h_e": 0.0005195195945122438, "gln__L_p": 0.0004008225494495483, "glyc_p": 0.00017489650893458915, "5caiz_c": 0.48287258399555777, "mal__L_p": 0.00035721133097458006, "lac__D_e": 0.00019989276862784758, "trdox_c": 0.00023559622681820934, "toctd2eACP_c": 0.00021029696720492008, "grxrd_c": 0.00017232089285993562, "glcn_c": 0.00026154113517189067, "glyc_e": 0.00018121968833368526, "fdp_c": 0.2803239280998056, "o2_p": 0.000687491595261828, "glu__L_c": 0.10501433452839185, "akg_p": 0.0003810303574624247, "so4_e": 0.00032016481962064393, "glu__L_e": 0.00029707531855831525, "gln__L_c": 0.0007563418936848105, "rib__D_p": 0.00022200947304817212, "xyl__D_p": 0.00020056482105380182, "octeACP_c": 0.00019301581592176398, "co2_p": 0.0006929914192046442, "hco3_c": 0.00799921547053033, "mlthf_c": 0.014910323256223428, "t3c11vaceACP_c": 0.00021031618302566144, "1pyr5c_c": 0.00023341336584675022, "acald_p": 0.00017489650893627953, "ocdcaACP_c": 0.00019301824369592204, "acACP_c": 0.0004117107167707232, "fru_p": 0.0002924637712273026, "xyl__D_e": 0.00019780425339116617, "glc__D_e": 0.0004357026622435144, "nh4_e": 0.0006874954989405328, "prfp_c": 0.0015469249071524789, "o2_e": 0.0006874966069815797, "succ_e": 0.0003119346450423429, "mql8_c": 0.00016630011386105066, "glyc__R_c": 0.0003379458621991637, "methf_c": 0.014922020466103407, "cit_c": 0.03191951349345707, "fprica_c": 0.08721604752269524, "glcn_e": 0.0002096919125306399, "ac_p": 0.00028486186497306233, "glyc__R_e": 0.00022126620326019195, "nadph_c": 0.0002460784515129199, "glyc_c": 0.00035037109409218796, "mqn8_c": 0.00019081716562495372, "lac__D_p": 0.00020811293260454913, "glu__L_p": 0.00038067349262172867, "glyc__R_p": 0.00023778967135065267, "3ooctdACP_c": 0.0002478825890865546, "pyr_c": 0.09469218015923232, "grxox_c": 0.00018428113549892703, "lac__D_c": 0.00026111555254388345, "nadh_c": 0.1794275186015409, "for_c": 0.0006968180886103311, "pi_e": 0.0004336613331072699, "3hcvac11eACP_c": 0.0002007289866060357, "leu__L_c": 0.00023973547311486113, "25aics_c": 0.0872066456501894, "acald_c": 0.00030495932897620673, "mal__L_e": 0.00028461572646739335, "co2_c": 0.06714199487559329, "fum_e": 0.00029802868132107924, "acald_e": 0.0001812196883318786, "etoh_p": 0.00017489650893543867, "gthox_c": 0.00014601855501990784, "gar_c": 0.00048295472675359666, "glu5p_c": 0.10248808500825987, "rib__D_e": 0.0002147801573347561, "xyl__D_c": 0.00023554151393568673, "for_e": 0.0005221431935598215}